ds,y,yhat,yhat_lower,yhat_upper
2018-10-18 00:00:00,0.04,0.27473357937690807,0.0,1.2556764267081884
2018-10-18 01:00:00,0.08,0.2553411264342772,0.0,1.3045709740251061
2018-10-18 02:00:00,0.08,0.1700855105014205,0.0,1.1252734082113507
2018-10-18 03:00:00,0.04,0.052457264693304195,0.0,1.109364234284559
2018-10-18 04:00:00,0.08,0.009416439353458372,0.0,1.1142233451323704
2018-10-18 05:00:00,0.04,0.11265331625195396,0.0,1.1222476158582477
2018-10-18 06:00:00,0.24,0.3149768839380387,0.0,1.349973805909333
2018-10-18 07:00:00,0.48,0.47870788722074076,0.0,1.5713592955397253
2018-10-18 08:00:00,0.52,0.49294154058546014,0.0,1.5843981685225186
2018-10-18 09:00:00,0.24,0.36826747612456684,0.0,1.4105566327738421
2018-10-18 10:00:00,0.12,0.21897914380094272,0.0,1.2317904787688922
2018-10-18 11:00:00,0.12,0.15275548457421784,0.0,1.1711702236949177
2018-10-18 12:00:00,0.16,0.17703047585408743,0.0,1.2737319319997704
2018-10-18 13:00:00,0.12,0.21155814243850407,0.0,1.2198358703070238
2018-10-18 14:00:00,0.08,0.1886910486132915,0.0,1.1877568441342308
2018-10-18 15:00:00,0.16,0.13516641864860535,0.0,1.150959787088734
2018-10-18 16:00:00,0.08,0.14943213779013753,0.0,1.1282127001855187
2018-10-18 17:00:00,0.24,0.29592127298679827,0.0,1.3136047205017802
2018-10-18 18:00:00,0.2,0.5239057738944904,0.0,1.5127228113938207
2018-10-18 19:00:00,0.2,0.6964837611244118,0.0,1.7912998403604372
2018-10-18 20:00:00,0.4,0.7063180897656129,0.0,1.7086243507378729
2018-10-18 21:00:00,0.48,0.5676794243717287,0.0,1.6077857270405562
2018-10-18 22:00:00,0.28,0.39643413961472157,0.0,1.4028636108814379
2018-10-18 23:00:00,0.28,0.2992656658849343,0.0,1.406665360757127
2018-10-19 00:00:00,0.2,0.28158315675163015,0.0,1.2567910273733582
2018-10-19 01:00:00,0.28,0.26265838555122656,0.0,1.2840317832447496
2018-10-19 02:00:00,0.2,0.1779079440582304,0.0,1.1646317485304738
2018-10-19 03:00:00,0.24,0.060823931709870716,0.0,1.0331737664800764
2018-10-19 04:00:00,0.2,0.018368625210077927,0.0,1.0404301682965966
2018-10-19 05:00:00,0.24,0.12223517746842205,0.0,1.1039519988187838
2018-10-19 06:00:00,0.28,0.3252360607220748,0.0,1.2877601507339058
2018-10-19 07:00:00,0.2,0.4896960671101472,0.0,1.4736236124937687
2018-10-19 08:00:00,0.52,0.5047149570826541,0.0,1.5067983163801266
2018-10-19 09:00:00,0.76,0.38088732700501055,0.0,1.4425956343620765
2018-10-19 10:00:00,0.88,0.23251191493753592,0.0,1.2271766423935786
2018-10-19 11:00:00,0.68,0.16727316628040184,0.0,1.1807723856647765
2018-10-19 12:00:00,0.28,0.19261066039541402,0.0,1.1804200625105408
2018-10-19 13:00:00,0.28,0.22828399302306257,0.0,1.2813129094286377
2018-10-19 14:00:00,0.32,0.2066511320087388,0.0,1.2919643671836667
2018-10-19 15:00:00,0.32,0.15445439569597602,0.0,1.1460136442554794
2018-10-19 16:00:00,0.32,0.1701463081763288,0.0,1.2451360505544493
2018-10-19 17:00:00,0.24,0.3181639729206397,0.0,1.27050641912249
2018-10-19 18:00:00,0.24,0.5477826275417085,0.0,1.53606325292839
2018-10-19 19:00:00,0.24,0.7221027892425125,0.0,1.657091133518514
2018-10-19 20:00:00,0.24,0.733788680910884,0.0,1.7714831847869696
2018-10-19 21:00:00,0.2,0.5971111767783859,0.0,1.631368046709589
2018-10-19 22:00:00,0.2,0.42793558380523616,0.0,1.5465273271651823
2018-10-19 23:00:00,0.2,0.33294288023156465,0.0,1.2928969355267625
2018-10-20 00:00:00,0.2,0.3175382904090085,0.0,1.3314721897764112
2018-10-20 01:00:00,0.2,0.30098810471919485,0.0,1.3656104260153528
2018-10-20 02:00:00,0.2,0.21870181947700149,0.0,1.2199340915370538
2018-10-20 03:00:00,0.2,0.10416278661367417,0.0,1.1355507681125645
2018-10-20 04:00:00,0.16,0.06432286416617883,0.0,1.0519047974670515
2018-10-20 05:00:00,0.2,0.17086311758129663,0.0,1.2056819251221425
2018-10-20 06:00:00,0.2,0.3765822873339091,0.0,1.378371831380011
2018-10-20 07:00:00,0.2,0.5437898365686173,0.0,1.5259502608806539
2018-10-20 08:00:00,0.2,0.561568669274713,0.0,1.6084232309616866
2018-10-20 09:00:00,0.28,0.4404950902019085,0.0,1.4331875018117055
2018-10-20 10:00:00,0.2,0.2948482250244787,0.0,1.3265914940378447
2018-10-20 11:00:00,0.2,0.23229172170362505,0.0,1.134939970085255
2018-10-20 12:00:00,0.2,0.26024333310779035,0.0,1.238751541885869
2018-10-20 13:00:00,0.2,0.2984399743846134,0.0,1.2513113291519262
2018-10-20 14:00:00,0.2,0.27921627099996216,0.0,1.233979608538189
2018-10-20 15:00:00,0.2,0.22929074495965635,0.0,1.286464936975477
2018-10-20 16:00:00,0.72,0.24709189132484094,0.0,1.2714771243060075
2018-10-20 17:00:00,1.96,0.39703278425308053,0.0,1.3497870860733954
2018-10-20 18:00:00,0.88,0.6283648729296542,0.0,1.5871219732636876
2018-10-20 19:00:00,1.04,0.8041653740746884,0.0,1.7463951174430095
2018-10-20 20:00:00,0.04,0.817075948657073,0.0,1.812037292666632
2018-10-20 21:00:00,0.04,0.6813458984608354,0.0,1.7475227152948978
2018-10-20 22:00:00,0.04,0.5128201960480439,0.0,1.5905811754531487
2018-10-20 23:00:00,0.04,0.41816096661675434,0.0,1.4460612008153513
2018-10-21 00:00:00,0.0,0.4027562977702739,0.0,1.4831698309559185
2018-10-21 01:00:00,0.04,0.38585728345127224,0.0,1.4339615882147578
2018-10-21 02:00:00,0.04,0.3028603739046703,0.0,1.3371154681279662
2018-10-21 03:00:00,0.04,0.1872382189697256,0.0,1.254937719377175
2018-10-21 04:00:00,0.04,0.1459344931241851,0.0,1.1826428638389987
2018-10-21 05:00:00,0.0,0.2506247501140946,0.0,1.3160462294760331
2018-10-21 06:00:00,0.04,0.45410502032954253,0.0,1.5333995060411438
2018-10-21 07:00:00,0.04,0.6186849630894043,0.0,1.6441074380660645
2018-10-21 08:00:00,0.0,0.6334506623659506,0.0,1.594294968315943
2018-10-21 09:00:00,0.0,0.5089846362035905,0.0,1.5695369005553734
2018-10-21 10:00:00,0.04,0.3595752771122798,0.0,1.4325930929623656
2018-10-21 11:00:00,0.04,0.2928985436952256,0.0,1.27707287825974
2018-10-21 12:00:00,0.0,0.3163875033879794,0.0,1.3099445114548833
2018-10-21 13:00:00,0.04,0.34979731952356785,0.0,1.420704848623061
2018-10-21 14:00:00,0.08,0.32548369918279274,0.0,1.2572134263160444
2018-10-21 15:00:00,0.12,0.27018894986822617,0.0,1.2966720189373961
2018-10-21 16:00:00,0.12,0.28236789814915775,0.0,1.3521351007716296
2018-10-21 17:00:00,0.08,0.42646231082385183,0.0,1.4606256240045143
2018-10-21 18:00:00,0.12,0.6517544805819957,0.0,1.6929374295486765
2018-10-21 19:00:00,0.12,0.821354384793582,0.0,1.7640770734749234
2018-10-21 20:00:00,0.04,0.8279381072338112,0.0,1.8103402907115793
2018-10-21 21:00:00,0.0,0.6857907608472592,0.0,1.7170471292168896
2018-10-21 22:00:00,0.04,0.5107942277789266,0.0,1.4960334736438379
2018-10-21 23:00:00,0.04,0.4096483380283339,0.0,1.4574330493553738
2018-10-22 00:00:00,0.0,0.38777936578585065,0.0,1.430162220029736
2018-10-22 01:00:00,0.0,0.3644767528719003,0.0,1.4020886976597733
2018-10-22 02:00:00,0.04,0.2751751343908573,0.0,1.2445424514374281
2018-10-22 03:00:00,0.04,0.15338485717575762,0.0,1.158210288671484
2018-10-22 04:00:00,0.0,0.10608648292165435,0.0,1.0871146443293087
2018-10-22 05:00:00,0.04,0.20499132690955202,0.0,1.2296098847931682
2018-10-22 06:00:00,0.04,0.4029297490433841,0.0,1.3810180893684063
2018-10-22 07:00:00,0.0,0.5622440121883414,0.0,1.5687507791832562
2018-10-22 08:00:00,0.04,0.5720507997555575,0.0,1.551848908774231
2018-10-22 09:00:00,0.0,0.4429609652996758,0.0,1.546784867269172
2018-10-22 10:00:00,0.0,0.28928873431080054,0.0,1.2590252556794643
2018-10-22 11:00:00,0.04,0.21873318088796212,0.0,1.2724894561570606
2018-10-22 12:00:00,0.0,0.2387475811908237,0.0,1.1955803542510106
2018-10-22 13:00:00,0.04,0.26910423906434977,0.0,1.235325963434859
2018-10-22 14:00:00,0.12,0.24217280166062818,0.0,1.2135867161804894
2018-10-22 15:00:00,0.04,0.1847062145539623,0.0,1.1547082828860602
2018-10-22 16:00:00,0.04,0.19516657034322937,0.0,1.1611995199648522
2018-10-22 17:00:00,0.0,0.33799949201254126,0.0,1.3419728287489439
2018-10-22 18:00:00,0.0,0.562487713126645,0.0,1.5816424793582378
2018-10-22 19:00:00,0.04,0.7317382636123919,0.0,1.7148366991684134
2018-10-22 20:00:00,0.04,0.7384209503346271,0.0,1.776911011100367
2018-10-22 21:00:00,0.0,0.596811369776781,0.0,1.641268288053449
2018-10-22 22:00:00,0.04,0.4227787680871579,0.0,1.4787547544539519
2018-10-22 23:00:00,0.04,0.32300736822404097,0.0,1.4080577801597536
2018-10-23 00:00:00,0.0,0.3029050416247694,0.0,1.4408790365156428
2018-10-23 01:00:00,0.04,0.2817402317576464,0.0,1.2798537182601548
2018-10-23 02:00:00,0.04,0.19492420237996633,0.0,1.2825861581829603
2018-10-23 03:00:00,0.0,0.07594179856894029,0.0,1.0116038230262094
2018-10-23 04:00:00,0.04,0.03174620969974584,0.0,1.0395841813789766
2018-10-23 05:00:00,0.04,0.1340197824039182,0.0,1.1491001857151593
2018-10-23 06:00:00,0.0,0.3355625971990561,0.0,1.4078094476798073
2018-10-23 07:00:00,0.04,0.4986856206694677,0.0,1.4754608983903628
2018-10-23 08:00:00,0.0,0.512473521959639,0.0,1.5881126308859612
2018-10-23 09:00:00,0.08,0.38750472314607176,0.0,1.413481979194265
2018-10-23 10:00:00,0.08,0.2380609004684953,0.0,1.3118383378124883
2018-10-23 11:00:00,0.04,0.17180875598139733,0.0,1.229321491314465
2018-10-23 12:00:00,0.08,0.19616965846043005,0.0,1.1788856832744161
2018-10-23 13:00:00,0.08,0.23088474601019085,0.0,1.2241236926992518
2018-10-23 14:00:00,0.04,0.20829350542937353,0.0,1.2003169980418404
2018-10-23 15:00:00,0.08,0.15511997519818305,0.0,1.1998849899097481
2018-10-23 16:00:00,0.08,0.16979882375714928,0.0,1.2065820281106154
2018-10-23 17:00:00,0.04,0.31674994208684,0.0,1.4392207266917423
2018-10-23 18:00:00,0.08,0.5452322109549823,0.0,1.5618858883993796
2018-10-23 19:00:00,0.08,0.7183308497471041,0.0,1.723032701339748
2018-10-23 20:00:00,0.04,0.7286960349535255,0.0,1.7751553151040642
2018-10-23 21:00:00,0.08,0.5905860246256288,0.0,1.6411369504206017
2018-10-23 22:00:00,0.08,0.4198551032218605,0.0,1.4561650763972003
2018-10-23 23:00:00,0.04,0.32317496639725996,0.0,1.3045222086128918
2018-10-24 00:00:00,0.08,0.30594342302987754,0.0,1.3552144385770852
2018-10-24 01:00:00,0.08,0.28742132210326143,0.0,1.2752827706557168
2018-10-24 02:00:00,0.04,0.2030147779662238,0.0,1.2356211431198565
2018-10-24 03:00:00,0.08,0.08620588287037262,0.0,1.0922397287867265
2018-10-24 04:00:00,0.08,0.04394739710557466,0.0,1.1121980483373393
2018-10-24 05:00:00,0.04,0.14792346631925662,0.0,1.1782732121868096
2018-10-24 06:00:00,0.08,0.3509380813241201,0.0,1.3396645132110514
2018-10-24 07:00:00,0.04,0.5153080942640803,0.0,1.5586122035354648
2018-10-24 08:00:00,0.04,0.5301258820049966,0.0,1.5907278969183292
2018-10-24 09:00:00,0.08,0.4059792285249758,0.0,1.4193884572300988
2018-10-24 10:00:00,0.04,0.25716064589271204,0.0,1.2611005505946888
2018-10-24 11:00:00,0.08,0.1913489557426873,0.0,1.236945312051658
2018-10-24 12:00:00,0.04,0.2159787328004403,0.0,1.218946952469181
2018-10-24 13:00:00,0.04,0.25080520551494034,0.0,1.2448448917218389
2018-10-24 14:00:00,0.12,0.2281826314948768,0.0,1.327765923554759
2018-10-24 15:00:00,0.08,0.17485029724083218,0.0,1.1425253858593452
2018-10-24 16:00:00,0.12,0.18925839639416409,0.0,1.2193640158485164
2018-10-24 17:00:00,0.12,0.33584242797490216,0.0,1.3554927144141533
2018-10-24 18:00:00,0.08,0.5638767773116808,0.0,1.6685903225353136
2018-10-24 19:00:00,0.12,0.7364618887580481,0.0,1.780679103233914
2018-10-24 20:00:00,0.12,0.7462627202722121,0.0,1.8098368227467363
2018-10-24 21:00:00,0.12,0.6075517179596499,0.0,1.5731889219650157
2018-10-24 22:00:00,0.08,0.43619662658280967,0.0,1.4031201279440346
2018-10-24 23:00:00,0.12,0.3388817569180685,0.0,1.3461652544859237
